"account","bedrock"
"776673779978","932855033046"
"398505220817","932855033046"
"084936492731","932855033046"
"772248064171","932855033046"
"109717997975","932855033046"
"964563644844","932855033046"
"249672327470","932855033046"
"359016003746","932855033046"
"770818553961","932855033046"
"068679278792","932855033046"
"414888713052","932855033046"
"361875725336","932855033046"
"576008553687","932855033046"
"140724313189","932855033046"
"628735190774","932855033046"
"407819484254","932855033046"
"721013532044","932855033046"
"338848227443","932855033046"
"593626544370","932855033046"
"703627164598","932855033046"
"205548766876","932855033046"
"701044292861","932855033046"
"206713846596","932855033046"
"233498394508","932855033046"
"169282446506","932855033046"
"038392865118","755303475723"
"365274541319","755303475723"
"245207058392","755303475723"
"675921401076","755303475723"
"653920686039","755303475723"
"611176482971","755303475723"
"752409550297","755303475723"
"196317026969","755303475723"
"510539136864","755303475723"
"568912236113","755303475723"
"455516689548","755303475723"
"272816714566","755303475723"
"881750739963","755303475723"
"905761697964","755303475723"
"521692482431","755303475723"
"675777669503","755303475723"
"563199741516","755303475723"
"903172422306","755303475723"
"199174828903","755303475723"
"703582370116","755303475723"
"434614058775","755303475723"
"766198959814","755303475723"
"142829313467","755303475723"
"502397972038","755303475723"
"731010857698","755303475723"
"246436275544","574221361796"
"511537738062","574221361796"
"784366971286","574221361796"
"750364231971","574221361796"
"284374706026","574221361796"
"820742712594","574221361796"
"298312570295","574221361796"
"303268954933","574221361796"
"806037232049","574221361796"
"244233112989","574221361796"
"043129036722","574221361796"
"573328709355","574221361796"
"870817152074","574221361796"
"630012176687","574221361796"
"377531481640","574221361796"
"933772656805","574221361796"
"319783411227","574221361796"
"641209014545","574221361796"
"814459094804","574221361796"
"188230938159","574221361796"
"342923055060","574221361796"
"643680219536","574221361796"
"497424043249","574221361796"
"768677970166","574221361796"
"585157427331","574221361796"
"232748663434","041357990175"
"032739072476","041357990175"
"772436120209","041357990175"
"869551205522","041357990175"
"358849815614","041357990175"
"274882473031","041357990175"
"344169540529","041357990175"
"191719537134","041357990175"
"413640704993","041357990175"
"317414522294","041357990175"
"156405032626","041357990175"
"416937906989","041357990175"
"311475509664","041357990175"
"907475703841","041357990175"
"856023304232","041357990175"
"135799668059","041357990175"
"800182843705","041357990175"
"229182191269","041357990175"
"943079785677","041357990175"
"081026304645","041357990175"
"710465228532","041357990175"
"102639698650","041357990175"
"134387016671","041357990175"
"565787245326","041357990175"
"486724193733","041357990175"